transaction_id,complaint_id,sender_account,receiver_account,amount,transaction_time,transaction_type,transaction_status
TXN80001,CC1019,ACC100042,ACC100016,2042.12,2026-03-17 05:08:24,ATM Withdrawal,Pending
TXN80002,CC1033,ACC100046,ACC100010,79715.7,2025-02-13 13:01:29,UPI,Failed
TXN80003,CC1028,ACC100052,ACC100054,58258.28,2026-02-19 00:20:10,ATM Withdrawal,Reversed
TXN80004,CC1024,ACC100012,ACC100056,168974.63,2025-09-07 13:37:25,ATM Withdrawal,Completed
TXN80005,CC1026,ACC100040,ACC100044,44703.63,2025-06-22 02:32:40,UPI,Pending
TXN80006,CC1023,ACC100045,ACC100019,47635.64,2025-05-30 08:12:11,ATM Withdrawal,Pending
TXN80007,CC1005,ACC100023,ACC100064,93058.64,2026-08-01 18:28:43,ATM Withdrawal,Failed
TXN80008,CC1021,ACC100020,ACC100057,14123.11,2026-03-29 20:19:50,RTGS,Completed
TXN80009,CC1023,ACC100065,ACC100010,62426.37,2026-04-08 01:03:23,RTGS,Completed
TXN80010,CC1006,ACC100065,ACC100050,92810.98,2026-07-22 23:57:02,IMPS,Pending
TXN80011,CC1021,ACC100061,ACC100065,30596.78,2025-03-05 14:06:51,RTGS,Completed
TXN80012,CC1033,ACC100023,ACC100006,49924.87,2026-03-25 14:33:33,ATM Withdrawal,Pending
TXN80013,CC1024,ACC100048,ACC100037,77789.6,2025-12-13 21:38:03,Card Payment,Failed
TXN80014,CC1005,ACC100043,ACC100013,111813.66,2026-01-31 09:16:46,Card Payment,Pending
TXN80015,CC1022,ACC100011,ACC100019,183390.92,2025-11-14 20:44:42,IMPS,Pending
TXN80016,CC1006,ACC100040,ACC100049,128876.91,2025-12-03 04:42:44,Card Payment,Completed
TXN80017,CC1028,ACC100066,ACC100047,4136.99,2025-11-13 05:13:21,IMPS,Pending
TXN80018,CC1015,ACC100018,ACC100020,15894.43,2025-04-14 16:49:34,Card Payment,Completed
TXN80019,CC1022,ACC100017,ACC100049,31273.43,2025-07-05 22:49:39,NEFT,Reversed
TXN80020,CC1003,ACC100053,ACC100047,135434.4,2025-09-01 14:39:18,Card Payment,Reversed
TXN80021,CC1015,ACC100069,ACC100031,62238.85,2026-04-26 06:23:43,ATM Withdrawal,Reversed
TXN80022,CC1030,ACC100037,ACC100049,100829.88,2026-03-05 05:52:12,ATM Withdrawal,Pending
TXN80023,CC1017,ACC100007,ACC100062,174886.33,2026-07-22 03:45:54,ATM Withdrawal,Completed
TXN80024,CC1019,ACC100011,ACC100021,54921.86,2026-06-10 04:53:27,UPI,Pending
TXN80025,CC1029,ACC100045,ACC100004,83271.93,2026-02-10 16:23:15,IMPS,Completed
TXN80026,CC1024,ACC100029,ACC100004,64077.63,2025-04-12 22:41:21,NEFT,Pending
TXN80027,CC1003,ACC100037,ACC100061,139366.36,2025-05-23 22:30:28,ATM Withdrawal,Completed
TXN80028,CC1006,ACC100003,ACC100033,43523.12,2025-06-03 17:46:38,ATM Withdrawal,Reversed
TXN80029,CC1008,ACC100037,ACC100031,60579.66,2025-02-18 07:26:40,ATM Withdrawal,Reversed
TXN80030,CC1005,ACC100015,ACC100064,119549.44,2025-01-17 20:32:36,NEFT,Pending
TXN80031,CC1019,ACC100055,ACC100001,123154.51,2025-09-04 18:26:11,Card Payment,Completed
TXN80032,CC1034,ACC100047,ACC100009,190704.03,2026-07-12 16:50:32,ATM Withdrawal,Completed
TXN80033,CC1025,ACC100061,ACC100006,127316.32,2026-01-18 08:47:01,RTGS,Completed
TXN80034,CC1023,ACC100031,ACC100014,154414.52,2025-12-07 04:02:22,ATM Withdrawal,Failed
TXN80035,CC1012,ACC100060,ACC100062,126531.3,2025-05-19 02:45:49,IMPS,Completed
TXN80036,CC1019,ACC100026,ACC100006,158326.29,2025-02-12 10:59:19,ATM Withdrawal,Reversed
TXN80037,CC1035,ACC100061,ACC100033,7805.84,2025-07-15 09:22:55,UPI,Failed
TXN80038,CC1018,ACC100016,ACC100048,87671.8,2026-02-14 23:28:57,IMPS,Failed
TXN80039,CC1012,ACC100064,ACC100064,73785.71,2026-06-16 08:51:05,Card Payment,Reversed
TXN80040,CC1006,ACC100056,ACC100024,109322.14,2025-11-25 03:05:20,Card Payment,Failed
TXN80041,CC1020,ACC100058,ACC100055,33745.63,2026-03-31 11:28:02,Card Payment,Failed
TXN80042,CC1028,ACC100036,ACC100008,15470.71,2026-02-20 11:32:51,Card Payment,Pending
TXN80043,CC1002,ACC100019,ACC100057,7442.39,2025-03-10 07:49:41,RTGS,Failed
TXN80044,CC1025,ACC100005,ACC100020,135972.88,2026-01-15 11:28:48,UPI,Pending
TXN80045,CC1034,ACC100047,ACC100051,63219.9,2025-10-13 07:07:01,Card Payment,Pending
TXN80046,CC1032,ACC100067,ACC100050,182751.73,2025-05-01 08:49:16,Card Payment,Reversed
TXN80047,CC1014,ACC100037,ACC100063,40435.58,2025-05-19 02:28:11,Card Payment,Reversed
TXN80048,CC1006,ACC100041,ACC100045,142053.33,2026-07-18 17:18:57,RTGS,Pending
TXN80049,CC1012,ACC100047,ACC100066,45236.2,2025-07-25 04:15:50,IMPS,Completed
TXN80050,CC1024,ACC100048,ACC100060,160830.51,2026-07-19 04:39:56,UPI,Completed
TXN80051,CC1020,ACC100051,ACC100062,105376.28,2026-02-24 18:04:08,RTGS,Completed
TXN80052,CC1029,ACC100060,ACC100067,69230.7,2026-07-19 20:37:11,NEFT,Reversed
TXN80053,CC1033,ACC100008,ACC100016,103861.38,2025-11-08 05:10:20,Card Payment,Pending
TXN80054,CC1023,ACC100067,ACC100037,169263.77,2025-09-14 06:40:35,RTGS,Pending
TXN80055,CC1020,ACC100069,ACC100012,100763.34,2025-06-22 18:37:09,NEFT,Failed
TXN80056,CC1003,ACC100004,ACC100011,9569.63,2026-08-14 08:41:13,ATM Withdrawal,Reversed
TXN80057,CC1002,ACC100064,ACC100070,58289.5,2025-11-06 15:15:51,Card Payment,Reversed
TXN80058,CC1020,ACC100059,ACC100010,137878.41,2025-06-11 14:26:30,IMPS,Pending
TXN80059,CC1022,ACC100019,ACC100041,172366.27,2025-11-23 23:55:22,IMPS,Pending
TXN80060,CC1024,ACC100066,ACC100014,64163.62,2026-04-23 03:17:28,NEFT,Pending
TXN80061,CC1007,ACC100007,ACC100038,189104.29,2026-03-05 07:55:57,NEFT,Failed
TXN80062,CC1021,ACC100025,ACC100021,99903.98,2026-06-12 14:31:56,RTGS,Reversed
TXN80063,CC1002,ACC100012,ACC100051,101336.17,2025-09-04 06:37:22,UPI,Completed
TXN80064,CC1019,ACC100064,ACC100061,57506.8,2025-01-09 03:27:08,RTGS,Failed
TXN80065,CC1026,ACC100047,ACC100006,80416.03,2026-08-07 17:12:23,ATM Withdrawal,Failed
TXN80066,CC1005,ACC100050,ACC100065,90345.7,2026-07-18 08:52:39,Card Payment,Completed
TXN80067,CC1009,ACC100013,ACC100051,74953.07,2025-12-14 17:23:48,NEFT,Pending
TXN80068,CC1033,ACC100052,ACC100065,8530.85,2025-02-09 04:45:21,IMPS,Reversed
TXN80069,CC1010,ACC100066,ACC100018,65929.19,2025-11-23 05:25:39,Card Payment,Failed
TXN80070,CC1022,ACC100065,ACC100066,106701.8,2026-07-31 09:30:52,UPI,Failed
TXN80071,CC1022,ACC100015,ACC100054,116948.58,2025-01-28 19:30:16,Card Payment,Pending
TXN80072,CC1004,ACC100062,ACC100022,105084.35,2026-01-25 04:52:43,NEFT,Completed
TXN80073,CC1008,ACC100025,ACC100003,88487.19,2026-03-05 04:26:44,NEFT,Reversed
TXN80074,CC1033,ACC100061,ACC100008,141302.16,2026-06-16 06:35:20,Card Payment,Reversed
TXN80075,CC1034,ACC100049,ACC100041,191358.76,2026-04-16 17:21:34,RTGS,Failed
TXN80076,CC1031,ACC100025,ACC100032,56161.78,2025-11-02 07:19:49,RTGS,Pending
TXN80077,CC1032,ACC100041,ACC100062,70086.23,2025-10-08 09:07:36,Card Payment,Reversed
TXN80078,CC1026,ACC100045,ACC100019,58445.3,2025-10-22 22:05:22,IMPS,Failed
TXN80079,CC1031,ACC100028,ACC100026,165676.36,2025-10-05 17:44:17,NEFT,Completed
TXN80080,CC1016,ACC100032,ACC100007,134131.88,2026-06-28 07:40:14,UPI,Completed
TXN80081,CC1027,ACC100043,ACC100061,20558.71,2025-05-21 00:35:59,NEFT,Reversed
TXN80082,CC1031,ACC100062,ACC100026,151304.26,2025-10-22 10:18:41,UPI,Completed
TXN80083,CC1015,ACC100069,ACC100005,182689.33,2025-06-29 13:56:53,NEFT,Completed
TXN80084,CC1026,ACC100064,ACC100024,187353.44,2025-10-24 01:00:19,ATM Withdrawal,Completed
TXN80085,CC1022,ACC100037,ACC100059,197825.34,2026-07-11 16:31:56,NEFT,Reversed
TXN80086,CC1018,ACC100025,ACC100015,66471.48,2026-04-15 20:16:45,NEFT,Completed
TXN80087,CC1022,ACC100038,ACC100025,35511.24,2026-02-20 13:32:20,UPI,Reversed
TXN80088,CC1007,ACC100024,ACC100018,95752.09,2025-09-12 00:16:24,NEFT,Reversed
TXN80089,CC1018,ACC100043,ACC100039,116700.92,2026-08-10 00:16:41,RTGS,Pending
TXN80090,CC1004,ACC100016,ACC100060,61707.87,2026-02-20 21:32:59,Card Payment,Failed
TXN80091,CC1008,ACC100038,ACC100048,123117.78,2025-08-13 04:30:09,IMPS,Failed
TXN80092,CC1027,ACC100061,ACC100069,160498.0,2025-08-12 07:43:48,ATM Withdrawal,Completed
TXN80093,CC1034,ACC100058,ACC100068,140901.34,2025-03-21 18:07:03,ATM Withdrawal,Pending
TXN80094,CC1035,ACC100020,ACC100022,65959.47,2026-06-17 14:07:43,NEFT,Reversed
TXN80095,CC1006,ACC100066,ACC100058,161834.07,2026-04-10 04:32:26,IMPS,Completed
TXN80096,CC1030,ACC100040,ACC100003,79491.77,2025-01-04 23:13:37,UPI,Completed
TXN80097,CC1028,ACC100045,ACC100009,108462.12,2025-03-03 02:59:30,UPI,Failed
TXN80098,CC1027,ACC100024,ACC100018,153282.62,2026-03-07 11:57:24,IMPS,Reversed
TXN80099,CC1025,ACC100011,ACC100070,27031.47,2025-12-23 03:11:34,IMPS,Pending
TXN80100,CC1015,ACC100001,ACC100003,195708.89,2026-04-20 21:46:34,IMPS,Reversed
TXN80101,CC1015,ACC100032,ACC100059,69558.87,2025-10-10 06:59:56,Card Payment,Completed
TXN80102,CC1003,ACC100054,ACC100003,48512.93,2025-03-10 03:38:02,IMPS,Completed
TXN80103,CC1016,ACC100006,ACC100052,88073.08,2026-07-07 06:48:55,UPI,Pending
TXN80104,CC1033,ACC100038,ACC100030,163249.36,2026-08-13 10:36:38,Card Payment,Failed
TXN80105,CC1016,ACC100039,ACC100019,197146.26,2026-06-18 07:26:19,RTGS,Completed
TXN80106,CC1012,ACC100055,ACC100064,9853.38,2025-12-19 20:42:24,ATM Withdrawal,Failed
TXN80107,CC1027,ACC100053,ACC100020,60327.75,2025-07-08 17:30:15,NEFT,Failed
TXN80108,CC1010,ACC100060,ACC100008,112696.0,2026-03-03 17:33:08,IMPS,Pending
TXN80109,CC1017,ACC100027,ACC100043,129517.82,2026-04-06 11:05:34,Card Payment,Pending
TXN80110,CC1004,ACC100035,ACC100049,134897.55,2025-02-10 02:12:51,ATM Withdrawal,Pending
TXN80111,CC1031,ACC100027,ACC100043,60986.01,2025-01-16 06:59:12,Card Payment,Completed
TXN80112,CC1031,ACC100032,ACC100027,79628.1,2025-09-03 17:20:49,RTGS,Reversed
TXN80113,CC1030,ACC100069,ACC100046,62030.25,2026-01-04 16:56:31,IMPS,Completed
TXN80114,CC1031,ACC100041,ACC100027,74455.63,2026-02-28 01:36:55,NEFT,Pending
TXN80115,CC1002,ACC100034,ACC100054,59390.86,2025-07-20 10:14:24,ATM Withdrawal,Pending
TXN80116,CC1032,ACC100044,ACC100033,152790.44,2026-05-16 23:41:47,IMPS,Reversed
TXN80117,CC1011,ACC100046,ACC100022,28421.73,2026-07-14 15:11:58,ATM Withdrawal,Completed
TXN80118,CC1034,ACC100005,ACC100010,189065.03,2025-02-19 00:26:08,Card Payment,Pending
TXN80119,CC1005,ACC100020,ACC100002,44134.57,2026-04-12 11:03:39,Card Payment,Reversed
TXN80120,CC1032,ACC100003,ACC100001,106676.39,2026-02-26 00:01:33,Card Payment,Failed
TXN80121,CC1035,ACC100037,ACC100003,100692.1,2026-03-17 05:06:58,UPI,Pending
TXN80122,CC1016,ACC100025,ACC100068,50857.43,2025-12-29 08:50:25,UPI,Failed
TXN80123,CC1026,ACC100059,ACC100032,198051.49,2025-08-20 09:43:52,UPI,Completed
TXN80124,CC1006,ACC100052,ACC100049,75745.33,2026-05-03 01:40:00,Card Payment,Pending
TXN80125,CC1006,ACC100064,ACC100056,129158.99,2025-12-06 18:54:06,ATM Withdrawal,Completed
TXN80126,CC1015,ACC100028,ACC100061,54583.46,2025-03-18 21:59:17,ATM Withdrawal,Completed
TXN80127,CC1012,ACC100041,ACC100003,192313.1,2026-08-25 04:48:52,Card Payment,Reversed
TXN80128,CC1005,ACC100039,ACC100021,113009.66,2026-08-04 12:43:57,ATM Withdrawal,Failed
TXN80129,CC1025,ACC100018,ACC100011,100408.17,2025-12-21 01:06:27,NEFT,Completed
TXN80130,CC1022,ACC100051,ACC100042,6410.32,2025-10-07 14:31:14,RTGS,Reversed
TXN80131,CC1028,ACC100024,ACC100049,17595.98,2025-10-30 07:45:04,UPI,Failed
TXN80132,CC1010,ACC100049,ACC100020,148061.23,2025-11-21 11:06:05,UPI,Failed
TXN80133,CC1029,ACC100047,ACC100035,20895.17,2025-03-31 05:27:28,ATM Withdrawal,Reversed
TXN80134,CC1007,ACC100004,ACC100012,71105.9,2025-04-06 19:38:50,RTGS,Reversed
TXN80136,CC1025,ACC100022,ACC100018,54149.33,2025-10-02 15:09:04,NEFT,Reversed
TXN80137,CC1018,ACC100054,ACC100039,97104.15,2025-03-20 11:16:15,Card Payment,Reversed
TXN80138,CC1013,ACC100059,ACC100014,27530.16,2025-01-07 12:21:53,ATM Withdrawal,Reversed
TXN80139,CC1022,ACC100057,ACC100043,86407.94,2025-05-20 09:20:38,Card Payment,Pending
TXN80140,CC1031,ACC100041,ACC100023,192932.64,2025-11-23 09:47:44,Card Payment,Reversed
TXN80141,CC1016,ACC100042,ACC100049,56419.88,2026-02-07 11:07:59,ATM Withdrawal,Pending
TXN80142,CC1035,ACC100024,ACC100004,190624.42,2026-04-18 22:13:28,RTGS,Completed
TXN80143,CC1027,ACC100064,ACC100018,126850.54,2025-09-05 08:42:09,Card Payment,Reversed
TXN80144,CC1025,ACC100010,ACC100058,198144.77,2026-05-06 18:25:34,ATM Withdrawal,Reversed
TXN80145,CC1035,ACC100005,ACC100047,140476.04,2026-07-04 19:40:58,UPI,Completed
TXN80146,CC1016,ACC100046,ACC100022,129576.47,2025-02-15 18:41:43,Card Payment,Reversed
TXN80147,CC1022,ACC100056,ACC100014,2604.28,2025-09-22 07:32:47,ATM Withdrawal,Pending
TXN80148,CC1029,ACC100048,ACC100051,92881.11,2026-08-26 22:32:09,RTGS,Completed
TXN80149,CC1031,ACC100014,ACC100038,83487.1,2025-03-29 03:53:46,NEFT,Failed
TXN80150,CC1020,ACC100044,ACC100059,156961.86,2026-06-18 15:22:30,UPI,Reversed
TXN80151,CC1029,ACC100041,ACC100009,60402.68,2025-04-28 00:54:21,Card Payment,Completed
TXN80152,CC1011,ACC100032,ACC100067,35303.42,2025-06-13 10:35:27,IMPS,Pending
TXN80153,CC1026,ACC100024,ACC100024,128275.54,2026-03-19 12:01:47,ATM Withdrawal,Pending
TXN80154,CC1029,ACC100055,ACC100050,1387.78,2025-08-08 06:17:48,Card Payment,Completed
TXN80155,CC1007,ACC100069,ACC100024,73475.71,2025-07-21 14:07:16,Card Payment,Reversed
TXN80156,CC1034,ACC100041,ACC100050,122456.03,2026-08-25 03:22:22,IMPS,Pending
TXN80157,CC1020,ACC100011,ACC100018,62980.56,2025-09-02 09:07:11,RTGS,Pending
TXN80158,CC1033,ACC100050,ACC100054,119486.95,2026-08-12 12:27:11,IMPS,Pending
TXN80159,CC1011,ACC100063,ACC100037,28489.16,2025-11-19 14:39:03,RTGS,Completed
TXN80160,CC1032,ACC100018,ACC100025,163135.58,2026-07-30 16:41:31,IMPS,Reversed
TXN80161,CC1027,ACC100057,ACC100063,33867.07,2026-08-02 00:50:48,NEFT,Failed
TXN80162,CC1003,ACC100036,ACC100029,107752.92,2025-06-22 14:36:47,IMPS,Completed
TXN80163,CC1008,ACC100035,ACC100070,164744.92,2026-01-11 17:52:48,UPI,Reversed
TXN80164,CC1035,ACC100028,ACC100055,20932.08,2025-09-11 09:55:02,IMPS,Failed
TXN80165,CC1023,ACC100012,ACC100057,173125.45,2025-05-01 07:13:51,Card Payment,Failed
TXN80166,CC1028,ACC100022,ACC100018,157077.44,2025-07-31 01:36:22,ATM Withdrawal,Failed
TXN80167,CC1035,ACC100022,ACC100042,195810.53,2025-10-27 09:36:17,ATM Withdrawal,Completed
TXN80168,CC1009,ACC100053,ACC100008,198501.0,2025-05-10 22:55:08,NEFT,Pending
TXN80169,CC1021,ACC100032,ACC100051,98147.02,2026-08-15 20:17:40,IMPS,Reversed
TXN80170,CC1029,ACC100010,ACC100012,80868.73,2025-10-12 22:59:56,RTGS,Reversed
TXN80171,CC1032,ACC100042,ACC100001,173847.1,2025-04-06 23:29:40,Card Payment,Failed
TXN80172,CC1005,ACC100069,ACC100051,43957.07,2026-03-16 06:31:17,RTGS,Failed
TXN80173,CC1022,ACC100017,ACC100063,157766.58,2025-02-19 01:06:40,IMPS,Completed
TXN80174,CC1008,ACC100021,ACC100057,91575.37,2026-03-15 06:44:58,NEFT,Failed
TXN80175,CC1011,ACC100036,ACC100012,131090.3,2025-09-14 02:23:42,Card Payment,Pending
TXN80176,CC1004,ACC100051,ACC100040,145334.68,2025-08-28 13:41:05,Card Payment,Completed
TXN80179,CC1025,ACC100012,ACC100014,21088.71,2026-01-12 09:08:24,NEFT,Pending
TXN80180,CC1005,ACC100068,ACC100002,122258.69,2025-06-18 14:22:46,NEFT,Pending
TXN80181,CC1027,ACC100057,ACC100028,17794.26,2025-04-13 04:48:07,ATM Withdrawal,Reversed
TXN80182,CC1023,ACC100055,ACC100041,158319.79,2025-09-11 08:41:05,NEFT,Failed
TXN80183,CC1002,ACC100039,ACC100027,103790.95,2026-06-06 06:47:25,RTGS,Completed
TXN80184,CC1016,ACC100064,ACC100050,22992.36,2026-05-27 20:38:04,ATM Withdrawal,Completed
TXN80185,CC1024,ACC100041,ACC100017,77674.23,2026-08-06 13:23:34,Card Payment,Pending
TXN80186,CC1031,ACC100010,ACC100003,117679.02,2025-01-15 08:13:02,UPI,Reversed
TXN80187,CC1033,ACC100037,ACC100065,153538.45,2026-03-10 22:25:05,Card Payment,Pending
TXN80188,CC1018,ACC100011,ACC100040,16264.8,2025-07-28 04:34:20,IMPS,Completed
TXN80189,CC1020,ACC100056,ACC100031,12052.24,2025-03-30 13:07:29,ATM Withdrawal,Completed
TXN80190,CC1020,ACC100023,ACC100016,3026.66,2025-05-21 22:00:10,IMPS,Failed
TXN80191,CC1034,ACC100067,ACC100034,33809.11,2025-05-10 23:49:55,RTGS,Completed
TXN80192,CC1002,ACC100043,ACC100055,54760.13,2025-03-07 08:45:36,Card Payment,Completed
TXN80193,CC1032,ACC100059,ACC100066,72344.72,2026-05-27 18:10:23,NEFT,Failed
TXN80194,CC1007,ACC100015,ACC100030,148285.6,2025-01-03 01:54:55,UPI,Pending
TXN80195,CC1003,ACC100061,ACC100047,76904.41,2025-06-03 05:59:54,UPI,Reversed
TXN80196,CC1015,ACC100042,ACC100032,83543.19,2025-11-24 08:52:04,ATM Withdrawal,Failed
TXN80197,CC1008,ACC100065,ACC100007,36279.2,2026-06-13 01:25:04,IMPS,Failed
TXN80198,CC1020,ACC100042,ACC100012,110841.73,2025-01-09 11:12:18,ATM Withdrawal,Failed
TXN80199,CC1016,ACC100060,ACC100048,118542.34,2026-05-21 06:46:57,ATM Withdrawal,Pending
TXN80200,CC1010,ACC100001,ACC100053,5270.1,2026-07-09 11:40:53,Card Payment,Completed
TXN90001,CC1001,ACC100001,ACC100002,150000.0,2026-07-14 22:15:00,UPI,Completed
TXN90002,CC1001,ACC100001,ACC100002,97500.0,2026-07-14 22:18:30,UPI,Completed
TXN90003,CC1001,ACC100002,ACC100003,120000.0,2026-07-14 23:05:00,IMPS,Completed
TXN90004,CC1001,ACC100002,ACC100004,80000.0,2026-07-14 23:12:00,NEFT,Completed
TXN90005,CC1001,ACC100001,ACC100005,100000.0,2026-07-15 00:02:00,UPI,Completed
TXN90006,CC1001,ACC100005,ACC100003,60000.0,2026-07-15 01:30:00,UPI,Completed
TXN90007,CC1001,ACC100003,ACC100006,75000.0,2026-07-15 06:45:00,RTGS,Completed
TXN90008,CC1001,ACC100004,ACC100004,10000.0,2026-07-15 07:00:00,ATM Withdrawal,Completed
TXN90009,CC1001,ACC100006,ACC100006,50000.0,2026-07-15 08:30:00,ATM Withdrawal,Failed
TXN90010,CC1001,ACC100005,ACC100002,25000.0,2026-07-15 09:15:00,IMPS,Completed
